A1,A2
1027,7
1898,7
120,5
1730,7
591,5
259,5
1635,7
1499,7
50,5
1978,7
1871,7
1218,7
1917,7
471,5
688,5
573,5
1449,7
930,5
1557,7
546,5
917,5
1654,7
164,5
1633,7
646,5
1348,7
894,5
195,5
69,5
883,5
1191,7
1314,7
676,5
1307,7
739,5
560,5
428,5
1569,7
1503,7
199,5
283,5
453,5
1971,7
1418,7
754,5
1114,7
1343,7
1141,7
25,5
1728,7
1899,7
315,5
1259,7
1935,7
146,5
1116,7
1909,7
363,5
8,5
104,5
1213,7
677,5
1530,7
153,5
430,5
49,5
59,5
1744,7
370,5
919,5
1634,7
1768,7
1245,7
270,5
782,5
735,5
64,5
264,5
1578,7
1769,7
200,5
1715,7
760,5
915,5
1281,7
898,5
1142,7
90,5
1707,7
1425,7
831,5
1345,7
511,5
1611,7
1098,7
1568,7
71,5
1570,7
460,5
411,5
856,5
1340,7
1603,7
1147,7
1167,7
907,5
857,5
1201,7
1948,7
369,5
473,5
1775,7
528,5
382,5
1716,7
1035,7
758,5
76,5
859,5
888,5
1320,7
1956,7
368,5
1012,7
972,5
1423,7
1671,7
1262,7
1102,7
250,5
1777,7
1951,7
1000,5
946,5
1134,7
1840,7
524,5
1154,7
1691,7
1365,7
1263,7
978,5
1991,7
1587,7
716,5
1053,7
952,5
1217,7
459,5
324,5
1963,7
1363,7
733,5
1118,7
1962,7
1999,7
390,5
1227,7
1186,7
956,5
1044,7
217,5
1689,7
103,5
238,5
1176,7
1323,7
287,5
551,5
1237,7
1933,7
1908,7
421,5
1038,7
1463,7
1631,7
1666,7
1885,7
1561,7
1932,7
1626,7
1384,7
1993,7
810,5
802,5
374,5
695,5
1660,7
348,5
749,5
841,5
958,5
1697,7
467,5
1355,7
1294,7
672,5
1148,7
105,5
1188,7
1560,7
1349,7
1562,7
290,5
1734,7
704,5
258,5
1538,7
999,5
1809,7
455,5
394,5
1092,7
1657,7
1741,7
1882,7
1380,7
684,5
611,5
951,5
1770,7
1482,7
1122,7
610,5
1090,7
542,5
176,5
878,5
1865,7
1331,7
564,5
1981,7
1997,7
1845,7
1983,7
1653,7
1784,7
1174,7
1615,7
622,5
1483,7
379,5
1153,7
1250,7
144,5
1028,7
1505,7
1522,7
499,5
1397,7
803,5
1240,7
1426,7
775,5
635,5
1754,7
1819,7
670,5
1470,7
162,5
578,5
1073,7
1700,7
597,5
757,5
748,5
293,5
1636,7
880,5
278,5
182,5
866,5
785,5
1398,7
921,5
1727,7
449,5
1674,7
218,5
365,5
882,5
1848,7
537,5
1280,7
1661,7
759,5
1306,7
158,5
396,5
1055,7
498,5
1279,7
966,5
768,5
1181,7
123,5
1015,7
11,5
1391,7
109,5
502,5
1903,7
1367,7
850,5
398,5
1008,7
669,5
1713,7
1364,7
91,5
63,5
1837,7
494,5
1743,7
1982,7
1575,7
78,5
1421,7
1834,7
1620,7
1088,7
1939,7
1690,7
201,5
1390,7
1973,7
724,5
1127,7
1485,7
1563,7
1694,7
170,5
1672,7
435,5
515,5
566,5
196,5
1023,7
792,5
1609,7
714,5
1536,7
619,5
1758,7
1203,7
339,5
1652,7
977,5
1136,7
686,5
531,5
352,5
425,5
1828,7
652,5
858,5
403,5
707,5
20,5
445,5
131,5
685,5
606,5
166,5
1091,7
481,5
1347,7
243,5
1920,7
378,5
1265,7
1735,7
93,5
1753,7
961,5
1459,7
1286,7
126,5
1709,7
1795,7
500,5
969,5
185,5
1931,7
1353,7
1815,7
1189,7
790,5
986,5
335,5
458,5
1469,7
1890,7
169,5
1523,7
718,5
1889,7
671,5
1510,7
834,5
1059,7
581,5
592,5
281,5
991,5
1723,7
1554,7
464,5
307,5
1443,7
603,5
699,5
650,5
1590,7
216,5
1115,7
1013,7
292,5
329,5
830,5
875,5
1773,7
1329,7
1644,7
1880,7
288,5
1826,7
254,5
128,5
10,5
1663,7
326,5
1906,7
1358,7
1187,7
405,5
1496,7
1782,7
54,5
312,5
660,5
1807,7
517,5
651,5
486,5
649,5
608,5
463,5
1698,7
429,5
1806,7
1327,7
275,5
599,5
862,5
1979,7
1664,7
594,5
150,5
344,5
536,5
36,5
740,5
1378,7
1984,7
124,5
79,5
609,5
247,5
1928,7
503,5
1861,7
529,5
595,5
1792,7
68,5
825,5
1724,7
214,5
1430,7
1878,7
865,5
874,5
641,5
1297,7
1300,7
1604,7
1531,7
558,5
1404,7
1642,7
1185,7
1180,7
156,5
1473,7
108,5
478,5
659,5
135,5
683,5
1024,7
426,5
203,5
230,5
1157,7
1985,7
1881,7
1341,7
1408,7
412,5
832,5
157,5
774,5
1864,7
1210,7
319,5
1742,7
1650,7
416,5
1518,7
1897,7
171,5
1211,7
937,5
1625,7
35,5
57,5
1532,7
1468,7
1914,7
889,5
861,5
873,5
512,5
1974,7
1921,7
221,5
720,5
750,5
1641,7
725,5
778,5
709,5
1574,7
1479,7
1074,7
1326,7
612,5
761,5
161,5
708,5
935,5
417,5
1785,7
1075,7
1591,7
1832,7
518,5
1371,7
765,5
33,5
210,5
1144,7
634,5
152,5
1759,7
1533,7
852,5
587,5
1,5
1551,7
1497,7
925,5
1139,7
568,5
1278,7
1516,7
17,5
387,5
620,5
1273,7
1763,7
741,5
246,5
1392,7
732,5
989,5
159,5
298,5
799,5
872,5
1937,7
1375,7
1100,7
178,5
967,5
693,5
839,5
1512,7
1915,7
1239,7
347,5
1733,7
868,5
1235,7
1767,7
257,5
15,5
1428,7
1618,7
1145,7
1476,7
1616,7
1526,7
260,5
664,5
847,5
1870,7
1313,7
1121,7
947,5
1740,7
726,5
101,5
1022,7
713,5
97,5
1702,7
75,5
1588,7
848,5
1386,7
727,5
583,5
1113,7
1128,7
731,5
1221,7
886,5
1328,7
67,5
1087,7
1718,7
395,5
1647,7
1751,7
276,5
1160,7
1138,7
392,5
1747,7
1606,7
37,5
142,5
1441,7
547,5
1429,7
1729,7
1527,7
431,5
535,5
562,5
988,5
697,5
205,5
1033,7
330,5
657,5
1507,7
1052,7
388,5
864,5
940,5
1224,7
928,5
55,5
545,5
819,5
127,5
626,5
1242,7
215,5
240,5
1829,7
588,5
870,5
1929,7
448,5
482,5
1166,7
842,5
1558,7
1018,7
1007,7
295,5
1883,7
1488,7
1511,7
1752,7
1627,7
1152,7
613,5
380,5
1896,7
963,5
179,5
323,5
1695,7
1786,7
625,5
1194,7
331,5
655,5
1910,7
1019,7
320,5
1676,7
962,5
125,5
253,5
781,5
289,5
1151,7
1420,7
1359,7
1042,7
1072,7
1058,7
1624,7
807,5
1041,7
1438,7
1987,7
826,5
1888,7
271,5
734,5
343,5
1772,7
1372,7
1079,7
305,5
840,5
964,5
1600,7
903,5
1816,7
1484,7
340,5
1258,7
1580,7
1961,7
1089,7
933,5
1431,7
851,5
514,5
1002,7
1264,7
1960,7
1976,7
1312,7
1266,7
533,5
106,5
1401,7
1923,7
601,5
665,5
1394,7
1798,7
224,5
1677,7
682,5
1439,7
86,5
1813,7
965,5
1859,7
325,5
1669,7
723,5
317,5
113,5
678,5
1630,7
401,5
1520,7
1688,7
1220,7
480,5
1025,7
163,5
892,5
311,5
576,5
1107,7
122,5
1725,7
1614,7
334,5
43,5
34,5
1143,7
1383,7
1900,7
184,5
805,5
1964,7
1228,7
1130,7
1946,7
1223,7
1109,7
1592,7
527,5
1471,7
1385,7
1324,7
623,5
1564,7
1197,7
115,5
349,5
1464,7
484,5
1988,7
863,5
1750,7
1857,7
1583,7
12,5
318,5
927,5
441,5
29,5
507,5
206,5
559,5
981,5
579,5
1202,7
987,5
1402,7
1556,7
1168,7
600,5
702,5
1739,7
738,5
624,5
202,5
477,5
1778,7
338,5
422,5
1506,7
1731,7
1256,7
1862,7
1814,7
1193,7
44,5
644,5
1955,7
1525,7
1124,7
1549,7
23,5
1628,7
798,5
1014,7
1034,7
541,5
532,5
1646,7
83,5
1610,7
266,5
27,5
1901,7
141,5
1317,7
1887,7
356,5
1249,7
893,5
653,5
116,5
1544,7
1953,7
1455,7
1132,7
1212,7
1892,7
698,5
1762,7
837,5
1238,7
1112,7
1195,7
1989,7
1748,7
539,5
1791,7
386,5
1599,7
1032,7
228,5
615,5
424,5
342,5
1412,7
385,5
53,5
1950,7
1016,7
890,5
1836,7
1233,7
1545,7
557,5
1637,7
1451,7
1123,7
309,5
616,5
1593,7
496,5
1304,7
1466,7
923,5
1970,7
585,5
1477,7
689,5
7,5
1761,7
1393,7
420,5
1207,7
1066,7
1005,7
1812,7
1325,7
1854,7
1726,7
1681,7
730,5
828,5
1640,7
14,5
696,5
148,5
959,5
1356,7
1977,7
279,5
1944,7
1543,7
1478,7
381,5
1513,7
1319,7
1379,7
1436,7
1781,7
618,5
433,5
1902,7
1851,7
364,5
901,5
262,5
277,5
1550,7
46,5
1045,7
1571,7
1219,7
52,5
786,5
261,5
1209,7
1825,7
251,5
1493,7
1150,7
1515,7
860,5
1945,7
1856,7
40,5
822,5
777,5
1737,7
468,5
1403,7
1994,7
1680,7
1318,7
801,5
1333,7
402,5
1830,7
1454,7
353,5
1567,7
491,5
752,5
501,5
1275,7
1208,7
1597,7
62,5
415,5
65,5
1665,7
811,5
970,5
1975,7
590,5
1589,7
132,5
470,5
715,5
1579,7
149,5
1502,7
1338,7
1241,7
1410,7
1302,7
706,5
1172,7
534,5
1285,7
1106,7
690,5
423,5
1617,7
1446,7
1308,7
1293,7
360,5
437,5
1683,7
1396,7
493,5
983,5
1177,7
1692,7
1710,7
944,5
244,5
408,5
552,5
700,5
77,5
1296,7
1632,7
1705,7
1170,7
574,5
1846,7
479,5
1756,7
1082,7
1843,7
1244,7
1602,7
107,5
1623,7
789,5
1489,7
56,5
1094,7
854,5
1797,7
639,5
410,5
795,5
1270,7
1799,7
508,5
1350,7
48,5
291,5
26,5
679,5
645,5
45,5
1093,7
1926,7
1508,7
1534,7
346,5
212,5
1936,7
1248,7
3,5
1458,7
950,5
1594,7
490,5
1169,7
89,5
1968,7
175,5
1117,7
1577,7
1509,7
1598,7
1298,7
522,5
1290,7
351,5
1972,7
100,5
1517,7
1771,7
1061,7
1369,7
87,5
1711,7
1054,7
308,5
1941,7
1608,7
1947,7
945,5
1405,7
1097,7
1011,7
1990,7
1998,7
1607,7
1838,7
1699,7
297,5
1524,7
375,5
1321,7
1804,7
844,5
1810,7
1658,7
523,5
1108,7
1342,7
791,5
112,5
779,5
38,5
954,5
1805,7
895,5
1841,7
717,5
909,5
274,5
1555,7
476,5
1433,7
1360,7
1373,7
1017,7
442,5
900,5
1068,7
165,5
1409,7
1749,7
1504,7
1542,7
1495,7
867,5
530,5
1942,7
1875,7
1184,7
629,5
771,5
1796,7
1229,7
419,5
891,5
1912,7
180,5
1048,7
1247,7
362,5
1678,7
1801,7
770,5
194,5
1269,7
286,5
439,5
769,5
1444,7
846,5
376,5
1682,7
466,5
1867,7
384,5
823,5
1787,7
1800,7
1995,7
976,5
47,5
239,5
571,5
1490,7
1467,7
1780,7
328,5
1651,7
896,5
1738,7
118,5
232,5
9,5
1746,7
955,5
1481,7
1277,7
407,5
1461,7
871,5
1267,7
74,5
30,5
1305,7
569,5
58,5
974,5
572,5
784,5
456,5
310,5
1043,7
245,5
1417,7
1254,7
1645,7
267,5
497,5
1673,7
1288,7
1361,7
767,5
1437,7
183,5
1491,7
553,5
1387,7
358,5
469,5
191,5
1621,7
1817,7
1895,7
755,5
1833,7
1822,7
1656,7
181,5
1969,7
949,5
189,5
1214,7
602,5
99,5
1916,7
1424,7
1316,7
548,5
1584,7
953,5
233,5
797,5
766,5
586,5
1084,7
1844,7
509,5
474,5
413,5
66,5
462,5
373,5
82,5
1498,7
1140,7
982,5
227,5
520,5
248,5
1958,7
190,5
350,5
742,5
881,5
1413,7
1486,7
1399,7
1919,7
1613,7
975,5
540,5
1057,7
1732,7
188,5
756,5
1334,7
703,5
1714,7
554,5
926,5
916,5
643,5
1996,7
1866,7
1967,7
1529,7
186,5
211,5
1096,7
222,5
1601,7
1966,7
134,5
1852,7
256,5
231,5
939,5
296,5
361,5
1292,7
436,5
549,5
519,5
1696,7
1198,7
666,5
1722,7
924,5
1755,7
28,5
570,5
1765,7
1648,7
272,5
1110,7
313,5
904,5
1388,7
521,5
383,5
1445,7
1701,7
98,5
538,5
899,5
818,5
121,5
1155,7
440,5
746,5
1205,7
322,5
1274,7
1573,7
1582,7
1146,7
869,5
1447,7
1164,7
1465,7
1686,7
985,5
513,5
510,5
920,5
409,5
1547,7
391,5
489,5
827,5
1216,7
973,5
1299,7
1182,7
1330,7
1548,7
1679,7
617,5
656,5
241,5
357,5
1001,7
304,5
632,5
1309,7
814,5
1519,7
1050,7
427,5
1283,7
1717,7
1453,7
1779,7
922,5
2001,2002
1337,7
589,5
804,5
1178,7
1199,7
729,5
887,5
654,5
226,5
354,5
1719,7
1855,7
1766,7
1927,7
1190,7
42,5
1175,7
488,5
337,5
817,5
1357,7
452,5
1877,7
1675,7
39,5
638,5
1704,7
1047,7
495,5
1581,7
710,5
820,5
1366,7
1065,7
722,5
630,5
1056,7
885,5
1427,7
94,5
60,5
111,5
658,5
13,5
1111,7
434,5
1158,7
332,5
24,5
1204,7
207,5
1078,7
787,5
1847,7
604,5
1336,7
1159,7
640,5
692,5
1119,7
631,5
1311,7
1332,7
1246,7
154,5
1860,7
1559,7
461,5
1925,7
806,5
1222,7
550,5
450,5
751,5
505,5
884,5
1820,7
1051,7
575,5
299,5
990,5
21,5
744,5
18,5
1284,7
1494,7
753,5
303,5
19,5
242,5
1432,7
829,5
1077,7
220,5
1039,7
1595,7
800,5
129,5
1448,7
747,5
285,5
341,5
1271,7
1156,7
1629,7
544,5
1351,7
1924,7
92,5
913,5
1850,7
389,5
1040,7
1487,7
1918,7
133,5
1480,7
167,5
1708,7
960,5
877,5
333,5
213,5
447,5
932,5
1904,7
1720,7
177,5
526,5
223,5
1395,7
1173,7
1344,7
1572,7
280,5
1774,7
662,5
1992,7
1226,7
1414,7
197,5
565,5
1095,7
1576,7
119,5
941,5
705,5
1354,7
1200,7
855,5
235,5
934,5
1884,7
1255,7
472,5
1802,7
1546,7
1069,7
1552,7
1129,7
906,5
1662,7
1907,7
1037,7
621,5
1232,7
451,5
321,5
252,5
1030,7
300,5
1282,7
1863,7
636,5
269,5
6,5
984,5
1362,7
691,5
1422,7
301,5
1031,7
912,5
1537,7
1086,7
1858,7
1959,7
219,5
418,5
1789,7
1230,7
1389,7
1891,7
563,5
1165,7
525,5
1322,7
1783,7
1231,7
605,5
1076,7
316,5
1760,7
996,5
998,5
1104,7
1099,7
1876,7
957,5
567,5
994,5
1289,7
414,5
793,5
1886,7
719,5
1659,7
1137,7
596,5
1163,7
209,5
808,5
173,5
607,5
1619,7
84,5
1706,7
1842,7
1793,7
1460,7
114,5
905,5
1276,7
1046,7
73,5
584,5
980,5
155,5
51,5
712,5
1803,7
914,5
444,5
1029,7
736,5
372,5
1067,7
633,5
992,5
1685,7
1268,7
1757,7
555,5
711,5
147,5
302,5
1913,7
1539,7
637,5
1291,7
1905,7
506,5
1872,7
910,5
273,5
663,5
483,5
1553,7
1370,7
1162,7
1060,7
1823,7
764,5
237,5
1243,7
543,5
284,5
843,5
137,5
1407,7
1514,7
1541,7
454,5
835,5
1565,7
1873,7
145,5
41,5
327,5
32,5
772,5
1668,7
1179,7
1922,7
1949,7
1419,7
593,5
140,5
647,5
1528,7
1377,7
1808,7
1149,7
1335,7
661,5
737,5
399,5
1374,7
1215,7
1649,7
1585,7
406,5
1764,7
577,5
745,5
816,5
1934,7
457,5
971,5
675,5
1287,7
80,5
404,5
70,5
911,5
446,5
393,5
1435,7
694,5
1670,7
648,5
1010,7
1234,7
1126,7
627,5
1339,7
268,5
88,5
263,5
314,5
61,5
1736,7
4,5
492,5
580,5
1712,7
556,5
1456,7
1638,7
1879,7
1260,7
1943,7
1821,7
110,5
1954,7
1006,7
1940,7
1064,7
1586,7
1303,7
995,5
908,5
1596,7
236,5
1315,7
1824,7
1853,7
345,5
85,5
249,5
1020,7
366,5
1434,7
929,5
1021,7
812,5
1501,7
1049,7
1869,7
1080,7
1894,7
1643,7
282,5
204,5
1406,7
1206,7
1346,7
1952,7
516,5
1161,7
172,5
1036,7
1004,7
1183,7
1788,7
1026,7
1382,7
788,5
849,5
1009,7
95,5
1687,7
821,5
1457,7
1071,7
1450,7
1063,7
776,5
72,5
1411,7
1535,7
783,5
668,5
1745,7
2000,7
1070,7
31,5
824,5
1225,7
1818,7
377,5
1790,7
667,5
1105,7
465,5
993,5
1566,7
1874,7
833,5
942,5
598,5
1252,7
1251,7
674,5
255,5
1368,7
1171,7
815,5
234,5
1192,7
876,5
487,5
762,5
1684,7
1352,7
1986,7
701,5
1261,7
225,5
151,5
1083,7
359,5
102,5
938,5
174,5
681,5
680,5
1462,7
208,5
1835,7
2,5
16,5
1930,7
845,5
5,5
838,5
1521,7
773,5
1475,7
1849,7
1003,7
1236,7
443,5
336,5
136,5
1605,7
1965,7
673,5
1500,7
1257,7
371,5
1376,7
1442,7
1253,7
1452,7
1103,7
561,5
306,5
1980,7
582,5
979,5
1272,7
187,5
836,5
931,5
1655,7
265,5
1938,7
918,5
1310,7
138,5
397,5
794,5
763,5
614,5
1639,7
1622,7
1811,7
1135,7
948,5
1893,7
796,5
139,5
504,5
1196,7
628,5
902,5
1667,7
1440,7
485,5
117,5
160,5
1721,7
1081,7
1133,7
642,5
936,5
294,5
1693,7
143,5
1101,7
1415,7
943,5
728,5
879,5
1776,7
1085,7
1472,7
198,5
1868,7
400,5
1839,7
1794,7
1416,7
1831,7
1295,7
367,5
1120,7
1492,7
780,5
1957,7
1381,7
193,5
1400,7
432,5
1062,7
743,5
1301,7
809,5
1540,7
1703,7
853,5
1827,7
1911,7
1131,7
1125,7
81,5
897,5
96,5
192,5
997,5
355,5
130,5
438,5
721,5
1612,7
229,5
687,5
22,5
475,5
1474,7
813,5
168,5
968,5
